{"train_time": 285.1493971347809, "test_auc": 0.7732131111111111, "test_time": 2.0278799533843994}