{"train_time": 327.5610074996948, "test_auc": 0.7446692222222222, "test_time": 2.042982816696167}