{"train_time": 327.5792462825775, "test_auc": 0.7660871111111112, "test_time": 1.7568979263305664}