{"train_time": 379.0578308105469, "test_auc": 0.7438803333333334, "test_time": 1.7573912143707275}