{"train_time": 251.41143465042114, "test_auc": 0.7276132777777778, "test_time": 1.4369051456451416}