{"train_time": 262.82553005218506, "test_auc": 0.7341547777777777, "test_time": 1.0497076511383057}