{"train_time": 262.3447368144989, "test_auc": 0.7334717777777777, "test_time": 1.1743652820587158}