{"train_time": 246.58658742904663, "test_auc": 0.7862483333333332, "test_time": 1.5047051906585693}