{"train_time": 246.32789754867554, "test_auc": 0.7842703333333333, "test_time": 1.255556344985962}