{"train_time": 259.95523476600647, "test_auc": 0.7339418888888889, "test_time": 1.1833553314208984}