{"train_time": 261.805846452713, "test_auc": 0.7384746111111111, "test_time": 1.1634972095489502}