{"train_time": 265.6071639060974, "test_auc": 0.7435864444444444, "test_time": 1.2036938667297363}