{"train_time": 261.54073095321655, "test_auc": 0.730994, "test_time": 1.2787611484527588}