{"train_time": 263.0456395149231, "test_auc": 0.7452606666666666, "test_time": 1.187232255935669}