{"train_time": 228.815438747406, "test_auc": 0.7333524444444445, "test_time": 1.0797886848449707}