{"train_time": 207.65330386161804, "test_auc": 0.741009888888889, "test_time": 1.1457314491271973}