{"train_time": 210.76553869247437, "test_auc": 0.7195224444444444, "test_time": 1.1426713466644287}