{"train_time": 211.96550369262695, "test_auc": 0.7579718888888889, "test_time": 1.1306357383728027}