{"train_time": 209.91630101203918, "test_auc": 0.7389261666666667, "test_time": 1.1165075302124023}