{"train_time": 207.70937633514404, "test_auc": 0.9558842222222222, "test_time": 1.1092581748962402}