{"train_time": 207.6925253868103, "test_auc": 0.7277206666666667, "test_time": 1.1742687225341797}