{"train_time": 214.36690998077393, "test_auc": 0.7632951666666665, "test_time": 1.2285268306732178}