{"train_time": 214.37248015403748, "test_auc": 0.7678305555555556, "test_time": 1.1030378341674805}