{"train_time": 214.28762435913086, "test_auc": 0.7700362222222221, "test_time": 1.178189992904663}