{"train_time": 207.89635300636292, "test_auc": 0.9556446666666666, "test_time": 1.251035213470459}