{"train_time": 213.38259196281433, "test_auc": 0.9518034444444443, "test_time": 1.2138729095458984}