{"train_time": 213.7816503047943, "test_auc": 0.9562031111111112, "test_time": 0.9163429737091064}