{"train_time": 218.4178762435913, "test_auc": 0.9555582222222222, "test_time": 1.237442970275879}