{"train_time": 214.18543338775635, "test_auc": 0.7519376666666666, "test_time": 1.1615831851959229}