{"train_time": 213.48742079734802, "test_auc": 0.7449838333333333, "test_time": 1.1330091953277588}