{"train_time": 214.83589243888855, "test_auc": 0.7755871666666666, "test_time": 1.144113540649414}