{"train_time": 213.10425639152527, "test_auc": 0.7784315555555554, "test_time": 1.1227636337280273}