{"train_time": 215.4184775352478, "test_auc": 0.960645, "test_time": 1.4082658290863037}