{"train_time": 211.002699136734, "test_auc": 0.7524661111111111, "test_time": 1.12962007522583}