{"train_time": 207.31604433059692, "test_auc": 0.9567116666666667, "test_time": 1.2716517448425293}