{"train_time": 216.50183963775635, "test_auc": 0.9545265555555555, "test_time": 1.2791848182678223}