{"train_time": 209.16058492660522, "test_auc": 0.7185857777777779, "test_time": 1.128302812576294}