{"train_time": 208.86221075057983, "test_auc": 0.737235, "test_time": 1.1649072170257568}