{"train_time": 218.21425461769104, "test_auc": 0.9540586666666666, "test_time": 1.077073335647583}