{"train_time": 210.90060305595398, "test_auc": 0.9559993333333334, "test_time": 1.018585443496704}