{"train_time": 220.08328104019165, "test_auc": 0.9591541111111112, "test_time": 1.1885020732879639}