{"train_time": 215.63404273986816, "test_auc": 0.9563476666666666, "test_time": 1.1123921871185303}