{"train_time": 211.75532960891724, "test_auc": 0.7594928333333334, "test_time": 1.0124151706695557}