{"train_time": 214.82740831375122, "test_auc": 0.752147, "test_time": 1.0475423336029053}