{"train_time": 205.85960483551025, "test_auc": 0.7150996666666667, "test_time": 1.2010343074798584}