{"train_time": 208.4487283229828, "test_auc": 0.7321568888888889, "test_time": 1.116697072982788}