{"train_time": 210.293949842453, "test_auc": 0.7792561111111111, "test_time": 1.0963389873504639}