{"train_time": 207.50900220870972, "test_auc": 0.7418867222222223, "test_time": 1.2220146656036377}