{"train_time": 213.7206745147705, "test_auc": 0.7515246666666667, "test_time": 1.1679043769836426}