{"train_time": 211.57025170326233, "test_auc": 0.9553346666666667, "test_time": 1.1687462329864502}