{"train_time": 220.15011835098267, "test_auc": 0.7274566111111112, "test_time": 1.1517722606658936}