{"train_time": 215.30573678016663, "test_auc": 0.7761592777777777, "test_time": 1.125117301940918}