{"train_time": 210.30567693710327, "test_auc": 0.7321456666666667, "test_time": 1.2086880207061768}