{"train_time": 172.71275997161865, "test_auc": 0.9527288888888888, "test_time": 1.27809739112854}