{"train_time": 208.90332508087158, "test_auc": 0.7632098333333333, "test_time": 1.0953898429870605}