{"train_time": 209.1665005683899, "test_auc": 0.9609828888888889, "test_time": 1.1714341640472412}