{"train_time": 214.97424054145813, "test_auc": 0.7630913333333333, "test_time": 1.0209825038909912}