{"train_time": 214.5546534061432, "test_auc": 0.7365152222222222, "test_time": 1.223954439163208}