{"train_time": 216.4865837097168, "test_auc": 0.767486, "test_time": 1.1407978534698486}