{"train_time": 210.06249046325684, "test_auc": 0.9513848888888888, "test_time": 1.0999937057495117}