{"train_time": 210.75091409683228, "test_auc": 0.7225239444444445, "test_time": 1.1682240962982178}