{"train_time": 217.63415932655334, "test_auc": 0.7663837777777778, "test_time": 1.1509578227996826}