{"train_time": 212.27080011367798, "test_auc": 0.7752644444444444, "test_time": 1.0732667446136475}