{"train_time": 218.7874743938446, "test_auc": 0.7603812777777779, "test_time": 1.1501452922821045}