{"train_time": 208.12263870239258, "test_auc": 0.7216244444444444, "test_time": 1.144723653793335}