{"train_time": 212.03207635879517, "test_auc": 0.9550646666666667, "test_time": 1.1219334602355957}