{"train_time": 211.0029878616333, "test_auc": 0.7237004444444445, "test_time": 1.1702487468719482}