{"train_time": 210.5415976047516, "test_auc": 0.9549582222222223, "test_time": 1.231323480606079}