{"train_time": 216.78428649902344, "test_auc": 0.7771294444444445, "test_time": 1.1719822883605957}