{"train_time": 213.45894956588745, "test_auc": 0.9517991111111112, "test_time": 1.0610756874084473}