{"train_time": 208.79511332511902, "test_auc": 0.7343995555555556, "test_time": 1.168412446975708}