{"train_time": 208.8876233100891, "test_auc": 0.7323969444444445, "test_time": 1.1961286067962646}