{"train_time": 212.70088291168213, "test_auc": 0.7862004444444444, "test_time": 1.0596649646759033}