{"train_time": 214.95595955848694, "test_auc": 0.7497237222222222, "test_time": 1.1343803405761719}