{"train_time": 215.5349543094635, "test_auc": 0.7475262777777778, "test_time": 1.121901273727417}