{"train_time": 214.98656463623047, "test_auc": 0.7769424444444444, "test_time": 1.1036818027496338}