{"train_time": 205.73468780517578, "test_auc": 0.7264556111111111, "test_time": 1.295804738998413}