{"train_time": 210.15731167793274, "test_auc": 0.9568997777777778, "test_time": 1.1467251777648926}