{"train_time": 207.48213291168213, "test_auc": 0.9553756666666666, "test_time": 1.1423826217651367}