{"train_time": 211.3821051120758, "test_auc": 0.7279927222222222, "test_time": 1.1757574081420898}