{"train_time": 211.10406041145325, "test_auc": 0.9559732222222221, "test_time": 1.1349401473999023}