{"train_time": 216.4034297466278, "test_auc": 0.7063344444444445, "test_time": 1.218580722808838}