{"train_time": 188.37228536605835, "test_auc": 0.9512316666666666, "test_time": 1.0624940395355225}