{"train_time": 217.33547592163086, "test_auc": 0.762958, "test_time": 1.1985259056091309}