{"train_time": 210.76115822792053, "test_auc": 0.756966, "test_time": 1.2004296779632568}