{"train_time": 157.3754870891571, "test_auc": 0.9540262222222223, "test_time": 0.912602424621582}