{"train_time": 212.90219831466675, "test_auc": 0.7600487222222222, "test_time": 1.116492509841919}