{"train_time": 152.2463572025299, "test_auc": 0.9539036666666667, "test_time": 0.8011500835418701}