{"train_time": 208.25541496276855, "test_auc": 0.7665453333333333, "test_time": 1.2115423679351807}