{"train_time": 207.45169830322266, "test_auc": 0.736421, "test_time": 1.273820161819458}