{"train_time": 214.77719497680664, "test_auc": 0.7594423333333333, "test_time": 1.1578922271728516}