{"train_time": 212.64516043663025, "test_auc": 0.9558694444444445, "test_time": 1.1625521183013916}