{"train_time": 217.50062894821167, "test_auc": 0.7163849444444444, "test_time": 1.128727674484253}