{"train_time": 212.444917678833, "test_auc": 0.7544878333333334, "test_time": 1.1289665699005127}