{"train_time": 212.80600833892822, "test_auc": 0.7547606666666666, "test_time": 1.1829822063446045}