{"train_time": 215.9759702682495, "test_auc": 0.9514226666666666, "test_time": 1.0814533233642578}