{"train_time": 214.5209994316101, "test_auc": 0.9581268888888889, "test_time": 1.2640254497528076}