{"train_time": 215.96193504333496, "test_auc": 0.7457218888888889, "test_time": 1.2353837490081787}