{"train_time": 211.23105001449585, "test_auc": 0.9532910555555556, "test_time": 1.195697546005249}