{"train_time": 212.24456238746643, "test_auc": 0.9545978888888889, "test_time": 1.2857303619384766}