{"train_time": 208.81023478507996, "test_auc": 0.7298945555555555, "test_time": 1.1930415630340576}