{"train_time": 211.41216206550598, "test_auc": 0.7504930555555556, "test_time": 1.1697583198547363}