{"train_time": 207.93341708183289, "test_auc": 0.7580412222222223, "test_time": 1.1441278457641602}