{"train_time": 214.70950508117676, "test_auc": 0.7475233333333333, "test_time": 1.2578058242797852}