{"train_time": 205.14691591262817, "test_auc": 0.739371, "test_time": 1.286266803741455}