{"train_time": 207.90926837921143, "test_auc": 0.7368193888888888, "test_time": 1.2356526851654053}