{"train_time": 213.94250988960266, "test_auc": 0.7512912222222222, "test_time": 1.090872049331665}