{"train_time": 216.89399361610413, "test_auc": 0.7138854444444445, "test_time": 1.103243112564087}