{"train_time": 215.0736539363861, "test_auc": 0.7682103333333334, "test_time": 1.1299116611480713}