{"train_time": 215.823228597641, "test_auc": 0.7640953333333333, "test_time": 1.101334571838379}