{"train_time": 210.55718183517456, "test_auc": 0.7580199999999999, "test_time": 1.0661640167236328}