{"train_time": 202.1379370689392, "test_auc": 0.7782773333333334, "test_time": 1.2886245250701904}