{"train_time": 209.68556714057922, "test_auc": 0.7775095555555556, "test_time": 1.3314719200134277}