{"train_time": 1283.01900100708, "test_auc": 0.8662325218335671, "test_time": 5.5393781661987305}