{"train_time": 2859.0777690410614, "test_auc": 0.7559332222222221, "test_time": 12.032455205917358}